datetime,open,high,low,close
2024-12-31,92620.7,96148.94,91887.13,93354.22
2024-12-30,93563.35,94910.48,91271.19,92620.71
2024-12-29,95125.59,95170.06,92841.48,93563.35
2024-12-28,94171.7,95534.17,94002.72,95130.82
2024-12-27,95669.4,97340.47,93234.31,94171.89
2024-12-26,99358.67,99887.0,95083.93,95669.49
2024-12-25,98594.47,99484.92,97557.48,99346.28
2024-12-24,94767.88,99444.0,93426.25,98594.47
2024-12-23,95091.15,96430.08,92360.91,94764.56
2024-12-22,97230.09,97387.98,94182.98,95087.75
2024-12-21,97762.75,99596.57,96368.0,97230.08
2024-12-20,97372.2,98132.47,92115.66,97765.0
2024-12-19,100148.6,102796.22,95539.67,97372.21
2024-12-18,106145.83,106528.13,99939.82,100150.73
2024-12-17,106099.98,108388.88,105337.97,106136.99
2024-12-16,104445.15,107857.79,103289.21,106099.81
2024-12-15,101400.0,105100.0,101221.34,104447.76
2024-12-14,101428.74,102650.0,100600.0,101399.99
2024-12-13,100024.75,101959.13,99220.81,101428.75
2024-12-12,101211.61,102595.0,99298.39,100030.47
2024-12-11,96660.75,101984.98,95722.79,101202.11
2024-12-10,97330.66,98338.17,94273.38,96660.76
2024-12-09,101175.0,101290.73,94220.8,97324.81
2024-12-08,99919.2,101435.05,98729.66,101174.99
2024-12-07,99885.37,100583.27,99012.73,99929.32
2024-12-06,97049.47,102104.12,96424.2,99891.35
2024-12-05,98746.24,104000.0,92055.86,97044.23
2024-12-04,95924.85,99263.2,94634.85,98746.24
2024-12-03,95862.89,96310.1,93571.3,95924.52
2024-12-02,97259.17,98200.0,94400.63,95862.89
2024-12-01,96464.95,97895.9,95753.42,97263.18
2024-11-30,97489.8,97509.6,96129.73,96465.42
2024-11-29,95665.53,98750.0,95383.46,97490.56
2024-11-28,95951.19,96676.31,94671.59,95665.53
2024-11-27,91929.53,97386.06,91747.46,95951.19
2024-11-26,93001.48,95004.92,90682.58,91929.54
2024-11-25,98032.06,98999.0,92534.93,93000.01
2024-11-24,97778.78,98700.0,95780.77,98028.18
2024-11-23,99024.03,99044.11,97215.01,97778.77
2024-11-22,98439.1,99860.0,97209.52,99024.03
2024-11-21,94384.15,99073.53,94127.2,98439.09
2024-11-20,92445.04,94989.99,91600.0,94393.15
2024-11-19,90521.32,94105.84,90403.24,92435.89
2024-11-18,89877.11,92674.8,89372.65,90520.3
2024-11-17,90638.54,91439.82,88713.64,89886.69
2024-11-16,91058.36,91820.73,90069.21,90636.24
2024-11-15,87338.96,91934.62,87100.83,91058.36
2024-11-14,90499.4,91831.25,86672.07,87340.4
2024-11-13,88035.43,93495.0,86220.5,90493.82
2024-11-12,88770.74,90100.0,85010.0,88035.43
2024-11-11,80427.69,89666.0,80277.34,88770.73
2024-11-10,76716.06,81534.28,76535.33,80428.92
2024-11-09,76566.72,76952.67,75758.58,76716.06
2024-11-08,75925.0,77312.18,75654.26,76566.73
2024-11-07,75646.55,76999.0,74463.96,75920.0
2024-11-06,69380.64,76509.56,69285.82,75646.55
2024-11-05,67810.15,70557.67,67427.53,69380.73
2024-11-04,68736.4,69453.94,66783.77,67807.48
2024-11-03,69360.95,69364.65,67444.0,68738.18
2024-11-02,69466.64,69891.92,69000.0,69358.94
2024-11-01,70198.02,71620.0,68720.0,69467.29
2024-10-31,72322.91,72684.02,69559.33,70197.83
2024-10-30,72724.35,72948.6,71400.01,72322.91
2024-10-29,70008.08,73624.98,69764.03,72724.35
2024-10-28,68054.91,70283.11,67630.57,69977.45
2024-10-27,67086.0,68333.67,66938.55,68051.95
2024-10-26,66684.93,67459.43,66445.28,67113.51
2024-10-25,68254.25,68778.0,65593.25,66673.87
2024-10-24,66686.0,68852.34,66516.36,68205.56
2024-10-23,67439.31,67470.47,65238.67,66673.03
2024-10-22,67383.52,67841.71,66573.98,67431.31
2024-10-21,69048.78,69525.33,66847.98,67381.26
2024-10-20,68394.12,69405.07,68109.38,69039.28
2024-10-19,68429.07,68689.75,68011.38,68394.13
2024-10-18,67383.8,69025.66,67186.51,68430.49
2024-10-17,67641.2,67936.81,66665.07,67413.45
2024-10-16,67135.14,68416.38,66765.04,67628.96
2024-10-15,66114.59,67962.51,64797.64,67120.25
2024-10-14,62886.25,66515.34,62459.63,66107.28
2024-10-13,63254.48,63291.23,62050.67,62882.25
2024-10-12,62541.51,63478.48,62499.0,63194.9
2024-10-11,60330.71,63424.28,60100.0,62541.68
2024-10-10,60626.76,61363.06,58929.86,60330.71
2024-10-09,62168.3,62545.55,60303.51,60635.91
2024-10-08,62258.97,63208.38,61869.42,62168.31
2024-10-07,62828.63,64465.08,62127.3,62249.83
2024-10-06,61991.02,62970.98,61811.24,62830.06
2024-10-05,62087.19,62370.38,61692.29,62001.6
2024-10-04,60746.98,62483.94,60464.56,62086.44
2024-10-03,60632.59,61480.78,59829.05,60746.37
2024-10-02,60792.63,62376.51,59981.91,60649.8
2024-10-01,63305.52,64106.75,60150.89,60790.0
2024-09-30,65600.01,65624.95,62833.95,63301.25
2024-09-29,65857.33,66059.0,65449.35938,65600.01
2024-09-28,65787.53,66266.39,65400.0,65858.99
2024-09-27,65176.39,66550.0,64827.85,65789.0
2024-09-26,63131.13,65865.0,62652.99,65177.21
2024-09-25,64272.93,64811.0,62932.8,63130.89
2024-09-24,63338.85,64700.0,62689.15,64272.93
2024-09-23,63580.39,64739.67,62566.28,63338.87
2024-09-22,63362.74,64000.0,62380.55,63577.66
2024-09-21,63210.94,63575.63,62755.0,63362.74
2024-09-20,62956.04,64140.67,62340.0,63210.69
2024-09-19,61770.38,63891.82,61569.16,62960.14
2024-09-18,60317.38,61800.0,59174.5,61769.18
2024-09-17,58209.76,61373.41,57620.27,60312.6
2024-09-16,59122.7,59214.15,57477.0,58208.75
2024-09-15,60012.34,60402.34,58695.75,59122.33
2024-09-14,60543.35,60660.0,59436.8,60012.35
2024-09-13,58137.33,60670.0,57630.01,60543.35
2024-09-12,57352.92,58600.0,57311.15,58137.54
2024-09-11,57641.15,58014.35,55534.41,57352.79
2024-09-10,57047.82,58050.35,56377.76,57645.59
2024-09-09,54881.1,58119.97,54565.56,57053.9
2024-09-08,54159.6,55315.95,53623.95,54881.11
2024-09-07,53950.0,54847.0,53733.1,54156.33
2024-09-06,56156.82,56995.0,52530.0,53950.01
2024-09-05,57971.0,58326.12,55628.04,56156.82
2024-09-04,57460.5,58531.25,55555.0,57971.0
2024-09-03,59138.89,59825.7,57394.49,57468.84
2024-09-02,57291.21,59423.0,57119.01,59139.83
2024-09-01,58968.37,59070.55,57200.0,57299.0
2024-08-31,59117.59,59446.99,58739.31,58968.37
2024-08-30,59353.12,59929.63,57700.0,59112.77
2024-08-29,59047.94,61194.09,58729.39,59364.47
2024-08-28,59437.68,60236.98,57851.62,59045.88
2024-08-27,62840.09,63226.26,58025.49,59439.64
2024-08-26,64250.01,64509.36,62806.8,62840.0
2024-08-25,64179.63,65050.08,63793.74,64251.93
2024-08-24,64091.63,64529.78,63564.22,64179.63
2024-08-23,60383.28,64987.0,60343.2,64086.72
2024-08-22,61167.54,61430.48,59750.0,60383.29
2024-08-21,59017.59,61849.98,58793.89,61163.28
2024-08-20,59455.81,61457.03,58571.96,59017.59
2024-08-19,58436.2,59639.81,57820.0,59452.67
2024-08-18,59497.49,60284.99,58422.0,58437.9
2024-08-17,58888.99,59711.02,58803.45,59497.49
2024-08-16,57543.57,59871.61,57096.56,58887.63
2024-08-15,58690.62,59883.49,56120.0,57543.61
2024-08-14,60603.19,61827.2,58453.56,58690.62
2024-08-13,59358.78,61615.43,58402.01,60603.19
2024-08-12,58717.44,60721.77,57653.31,59358.78
2024-08-11,60935.01,61868.69,58312.63,58722.49
2024-08-10,60864.71,61500.0,60255.61,60935.02
2024-08-09,61705.57812,61738.60938,59552.46,60862.13
2024-08-08,55049.070312,62708.46875,54750.0,61736.17969
2024-08-07,56062.73828,57686.92188,54592.51172,55111.41016
2024-08-06,53986.85156,57061.37109,53986.85156,56062.73828
2024-08-05,58131.31,58282.83,49050.01,53970.57812
2024-08-04,60674.93,61082.3,57123.0,58130.95
2024-08-03,61418.06,62171.58,59819.13,60674.93
2024-08-02,65293.48,65557.86,61150.0,61418.06
2024-08-01,64609.61,65593.56,62212.81,65288.18
2024-07-31,66169.68,66837.4,64500.0,64609.62
2024-07-30,66767.14,66994.15,65283.68,66169.68
2024-07-29,68244.3,70000.0,66400.01,66771.45
2024-07-28,67901.81,68308.82,67021.8,68244.3
2024-07-27,67921.46,69418.15,66635.28,67899.41
2024-07-26,65795.52,68216.66,65705.6,67924.08
2024-07-25,65358.86,66161.98,63412.46,65795.42
2024-07-24,65939.24,67131.17,65090.61,65366.4
2024-07-23,67560.03,67786.84,65444.3,65939.24
2024-07-22,68181.16,68495.0,66569.42,67558.22
2024-07-21,67163.82,68380.0,65820.18,68181.28
2024-07-20,66707.61,67635.0,66271.0,67163.83
2024-07-19,63977.64,67504.22,63289.15,66707.61
2024-07-18,64085.82,65130.88,63222.6,63982.86
2024-07-17,65086.55,66139.0,63853.99,64085.81
2024-07-16,64757.16,65405.89,62410.33,65088.99
2024-07-15,60804.97,64943.61,60666.59,64757.16
2024-07-14,59224.58,61428.67,59209.2,60808.42
2024-07-13,57908.61,59875.0,57770.92,59224.58
2024-07-12,57343.66,58550.0,56538.33,57909.03
2024-07-11,57713.4,59533.06,57036.41,57340.77
2024-07-10,58047.86,59481.93,57157.28,57712.59
2024-07-09,56701.18,58295.31,56276.37,58047.86
2024-07-08,55852.61,58200.0,54278.93,56699.43
2024-07-07,58240.36,58448.89,55717.23,55854.09
2024-07-06,56634.53,58481.97,56020.32,58244.75
2024-07-05,57036.45,57515.6,53499.9,56639.43
2024-07-04,60145.01,60429.27,56709.73,57042.14
2024-07-03,62039.44,62197.01,59332.76,60145.01
2024-07-02,62830.94,63223.57,61000.0,62040.22
2024-07-01,62669.14,63801.26,62448.46,62830.13
2024-06-30,60884.44,62942.67,60611.01,62668.26
2024-06-29,60312.36,61122.66,60273.8,60885.67
2024-06-28,61611.43,62170.62,59868.0,60313.35
2024-06-27,60818.86,62346.16,60546.94,61615.39
2024-06-26,61794.47,62470.0,60656.8,60816.68
2024-06-25,60262.16,62400.0,60217.36,61789.71
2024-06-24,63169.36,63343.91,58414.28,60263.0
2024-06-23,64235.0,64499.95,63125.75,63171.43
2024-06-22,64120.28,64523.91,63910.01,64235.01
2024-06-21,64840.89,65017.1,63300.93,64120.28
2024-06-20,64945.67,66455.52,64500.0,64840.88
2024-06-19,65150.9,65709.26,64635.48,64943.79
2024-06-18,66481.81,66574.33,64010.01,65152.8
2024-06-17,66629.38,67274.96,65050.0,66481.81
2024-06-16,66192.0,66931.18,65999.0,66628.75
2024-06-15,66004.36,66428.57,65800.86,66192.0
2024-06-14,66746.46,67322.72,65005.0,66004.39
2024-06-13,68248.59,68474.49,66200.0,66738.85
2024-06-12,67316.52,70032.0,66883.32,68248.6
2024-06-11,69495.97,69547.82,66018.69,67316.53
2024-06-10,69641.08,70187.53,69141.51,69497.73
2024-06-09,69303.8,69848.94,69123.99,69637.87
2024-06-08,69326.71,69546.58,69126.22,69304.05
2024-06-07,70773.63,71974.04,68298.55,69324.53
2024-06-06,71120.65,71650.56,70093.98,70773.64
2024-06-05,70541.68,71804.13,70356.49,71121.11
2024-06-04,68795.35938,71108.9,68547.97656,70542.32
2024-06-03,67748.10156,70237.75781,67582.50781,68802.52344
2024-06-02,67726.34375,68406.023438,67301.50781,67748.10156
2024-06-01,67471.99219,67816.27344,67376.96875,67725.53125
2024-05-31,68338.58,69024.71,66599.95312,67478.60938
2024-05-30,67569.44,69536.89,67092.91,68338.58
2024-05-29,68321.99,68864.11,67081.66,67569.45
2024-05-28,69366.31,69533.96,67194.59,68321.98
2024-05-27,68470.8,70613.39,68210.12,69368.72
2024-05-26,69289.69,69522.0,68097.38,68473.72
2024-05-25,68545.52,69605.03,68487.44,69289.67
2024-05-24,67932.79,69278.75,66587.91,68547.8
2024-05-23,69109.93,70066.95,66259.0,67940.45
2024-05-22,70142.88,70659.99,68887.52,69109.93
2024-05-21,71432.16,71980.0,69146.01,70142.84
2024-05-20,66260.04,71560.9,66057.03,71432.17
2024-05-19,66923.87,67701.91,65852.02,66261.62
2024-05-18,67046.34,67407.79,66624.06,66923.87
2024-05-17,65252.17,67500.0,65113.46,67046.33
2024-05-16,66244.68,66731.50781,64588.5,65252.18
2024-05-15,61553.98828,66454.45312,61330.41016,66267.49219
2024-05-14,62900.77344,63092.125,61123.76562,61552.78906
2024-05-13,61451.21875,63422.66016,60769.83984,62901.44922
2024-05-12,60793.50391,61818.15625,60632.60156,61448.39453
2024-05-11,60793.35547,61451.15234,60492.625,60793.71094
2024-05-10,63055.19141,63446.74219,60208.78125,60792.77734
2024-05-09,61191.19922,63404.91406,60648.074219,63049.96094
2024-05-08,62332.64062,62986.085938,60877.12891,61187.94141
2024-05-07,63162.76172,64390.45703,62285.98047,62334.81641
2024-05-06,64038.3125,65494.90234,62746.23828,63161.94922
2024-05-05,63892.45312,64610.89062,62955.30469,64031.13281
2024-05-04,62891.03125,64494.95703,62599.35156,63891.47266
2024-05-03,59122.30078,63320.50391,58848.3125,62889.83594
2024-05-02,58253.70312,59602.29688,56937.20312,59123.43359
2024-05-01,60609.49609,60780.5,56555.29297,58254.011719
2024-04-30,63839.41797,64703.33203,59120.066406,60636.85547
2024-04-29,63106.36328,64174.87891,61795.45703,63841.12109
2024-04-28,63423.51562,64321.48438,62793.59766,63113.23047
2024-04-27,63750.98828,63898.36328,62424.71875,63419.14062
2024-04-26,64485.37109,64789.65625,63322.39844,63755.32031
2024-04-25,64275.019531,65275.20703,62783.63281,64481.70703
2024-04-24,66408.71875,67075.36719,63589.87109,64276.89844
2024-04-23,66839.89062,67199.24219,65864.86719,66407.27344
2024-04-22,64935.63281,67233.96094,64548.17969,66837.67969
2024-04-21,64992.81641,65723.24219,64277.72266,64926.64453
2024-04-20,63851.10156,65442.45703,63172.40234,64994.44141
2024-04-19,63510.75,65481.59766,59651.39062,63843.57031
2024-04-18,61275.31641,64125.6875,60833.48047,63512.75391
2024-04-17,63831.84766,64486.36328,59768.58594,61276.69141
2024-04-16,63419.29688,64355.66797,61716.40234,63811.86328
2024-04-15,65739.64844,66878.64844,62332.070312,63426.21094
2024-04-14,63836.23047,65824.42969,62205.85156,65738.72656
2024-04-13,67188.375,67931.42969,60919.10547,63821.47266
2024-04-12,70061.38281,71222.74219,65254.83594,67195.86719
2024-04-11,70575.73438,71256.23438,69571.8125,70060.60938
2024-04-10,69140.24219,71093.42969,67503.5625,70587.88281
2024-04-09,71632.5,71742.50781,68212.92188,69139.015625
2024-04-08,69362.55469,72715.35938,69064.24219,71631.35938
2024-04-07,68897.10938,70284.42969,68851.63281,69362.55469
2024-04-06,67840.57031,69629.60156,67491.71875,68896.10938
2024-04-05,68515.75781,68725.75781,66011.47656,67837.64062
2024-04-04,65975.69531,69291.25781,65113.79688,68508.84375
2024-04-03,65446.67188,66914.32031,64559.89844,65980.8125
2024-04-02,69705.023438,69708.38281,64586.59375,65446.97266
2024-04-01,71333.48438,71342.09375,68110.69531,69702.14844
2024-03-31,69647.78125,71377.78125,69624.86719,71333.64844
2024-03-30,69893.44531,70355.49219,69601.0625,69645.30469
2024-03-29,70744.79688,70913.09375,69076.65625,69892.82812
2024-03-28,69452.77344,71546.023438,68895.50781,70744.95312
2024-03-27,69991.89844,71727.6875,68381.92969,69455.34375
2024-03-26,69931.32812,71535.74219,69335.60938,69987.83594
2024-03-25,67234.09375,71162.59375,66414.83594,69958.8125
2024-03-24,64070.75391,67622.75781,63825.85156,67234.17188
2024-03-23,63802.72266,65976.39844,63038.49219,64062.20312
2024-03-22,65489.92969,66623.75,62355.37109,63778.76172
2024-03-21,67911.58594,68199.99219,64580.91797,65491.39062
2024-03-20,61930.15625,68115.25781,60807.78516,67913.67188
2024-03-19,67556.13281,68106.92969,61536.17969,61912.77344
2024-03-18,68371.30469,68897.13281,66594.22656,67548.59375
2024-03-17,65316.34375,68845.71875,64545.31641,68390.625
2024-03-16,69392.48438,70046.27344,64801.39453,65315.11719
2024-03-15,71387.875,72357.13281,65630.69531,69403.77344
2024-03-14,73079.375,73750.070312,68563.023438,71396.59375
2024-03-13,71482.11719,73637.47656,71334.09375,73083.5
2024-03-12,72125.125,72825.65625,68728.85156,71481.28906
2024-03-11,69020.54688,72850.71094,67194.88281,72123.90625
2024-03-10,68500.25781,70005.20312,68239.97656,69019.78906
2024-03-09,68299.25781,68673.054688,68053.125,68498.88281
2024-03-08,66938.09375,70083.054688,66230.45312,68300.09375
2024-03-07,66099.74219,68029.92188,65655.53125,66925.48438
2024-03-06,63776.050781,67637.92969,62848.67188,66106.80469
2024-03-05,68341.054688,69170.625,59323.91016,63801.19922
2024-03-04,63137.0039062,68537.03125,62386.51953,68330.41406
2024-03-03,62031.57812,63230.21094,61435.023438,63167.37109
2024-03-02,62431.65234,62458.69922,61657.28906,62029.84766
2024-03-01,61168.0625,63155.10156,60802.52734,62440.63281
2024-02-29,62499.18359,63585.64453,60498.73047,61198.38281
2024-02-28,57071.097656,63913.13281,56738.42578,62504.78906
2024-02-27,54519.36328,57537.83984,54484.19922,57085.37109
2024-02-26,51730.53906,54938.17578,50931.03125,54522.40234
2024-02-25,51565.21484,51950.027344,51306.17188,51733.23828
2024-02-24,50736.37109,51684.19531,50585.44531,51571.10156
2024-02-23,51283.90625,51497.93359,50561.77734,50731.94922
2024-02-22,51854.64453,52009.61328,50926.29297,51304.97266
2024-02-21,52273.53516,52368.81641,50671.75781,51839.17969
2024-02-20,51777.72656,52945.050781,50792.3125,52284.875
2024-02-19,52134.8125,52483.32422,51711.82031,51779.14453
2024-02-18,51661.96875,52356.96484,51233.70703,52122.54688
2024-02-17,52161.67578,52191.91406,50669.66797,51662.99609
2024-02-16,51937.72656,52537.96875,51641.36719,52160.20312
2024-02-15,51836.78516,52820.066406,51371.62891,51938.55469
2024-02-14,49733.44531,52021.37109,49296.83203,51826.69531
2024-02-13,49941.35938,50358.39062,48406.49609,49742.44141
2024-02-12,48296.38672,50280.47656,47745.76172,49958.22266
2024-02-11,47768.96875,48535.9375,47617.40625,48293.91797
2024-02-10,47153.52734,48146.17188,46905.32031,47771.27734
2024-02-09,45297.38281,48152.49609,45260.82422,47147.19922
2024-02-08,44332.125,45575.83984,44332.125,45301.56641
2024-02-07,43090.019531,44341.94922,42775.95703,44318.22266
2024-02-06,42657.39062,43344.14844,42529.019531,43084.67188
2024-02-05,42577.62109,43494.25,42264.81641,42658.66797
2024-02-04,42994.94141,43097.64453,42374.83203,42583.58203
2024-02-03,43184.96484,43359.94141,42890.80859,42992.25
2024-02-02,43077.64062,43422.48828,42584.33594,43185.85938
2024-02-01,42569.76172,43243.16797,41879.19141,43075.77344
2024-01-31,42946.25,43717.40625,42298.94531,42582.60547
2024-01-30,43300.22656,43838.94531,42711.37109,42952.60938
2024-01-29,42030.91406,43305.86719,41818.33203,43288.24609
2024-01-28,42126.125,42797.17578,41696.91016,42035.59375
2024-01-27,41815.625,42195.63281,41431.28125,42120.054688
2024-01-26,39936.81641,42209.38672,39825.69141,41816.87109
2024-01-25,40075.55078,40254.48047,39545.66406,39933.80859
2024-01-24,39877.59375,40483.78516,39508.79688,40077.074219
2024-01-23,39518.71484,40127.35156,38521.89453,39845.55078
2024-01-22,41553.65234,41651.20703,39450.11719,39507.36719
2024-01-21,41671.48828,41855.36719,41497.0078125,41545.78516
2024-01-20,41624.58984,41877.89453,41446.82422,41665.58594
2024-01-19,41278.46094,42134.16016,40297.45703,41618.40625
2024-01-18,42742.3125,42876.34766,40631.17188,41262.058594
2024-01-17,43132.10156,43189.89062,42189.30859,42742.65234
2024-01-16,42499.33594,43566.27344,42085.99609,43154.94531
2024-01-15,41715.066406,43319.72266,41705.41797,42511.96875
2024-01-14,42842.26172,43065.59766,41724.61328,41796.26953
2024-01-13,42799.44531,43234.66016,42464.14453,42842.38281
2024-01-12,46354.79297,46498.13672,41903.76953,42853.16797
2024-01-11,46656.074219,48969.37109,45678.64453,46368.58594
2024-01-10,46121.53906,47647.22266,44483.15234,46627.77734
2024-01-09,46987.64062,47893.69922,45244.71484,46139.73047
2024-01-08,43948.70703,47218.0,43244.082031,46970.50391
2024-01-07,43998.46484,44495.57031,43662.23047,43943.097656
2024-01-06,44178.95312,44227.63281,43475.15625,43989.19531
2024-01-05,44192.98047,44353.28516,42784.71875,44162.69141
2024-01-04,42855.81641,44770.023438,42675.17578,44179.92188
2024-01-03,44961.60156,45503.24219,40813.53516,42848.17578
2024-01-02,44187.14062,45899.70703,44176.94922,44957.96875
2024-01-01,42280.23438,44175.4375,42214.97656,44167.33203
2023-12-31,42152.097656,42860.9375,41998.25391,42265.1875
2023-12-30,42091.75391,42584.125,41556.22656,42156.90234
2023-12-29,42614.64453,43124.32422,41424.0625,42099.40234
2023-12-28,43468.19922,43804.78125,42318.55078,42627.85547
2023-12-27,42518.46875,43683.16016,42167.58203,43442.85547
2023-12-26,43599.84766,43603.17578,41676.48828,42520.40234
2023-12-25,43010.57422,43765.09375,42765.76953,43613.14062
2023-12-24,43728.36719,43945.52344,42786.91797,43016.11719
2023-12-23,44012.19922,44015.69922,43351.35547,43739.54297
2023-12-22,43868.98828,44367.95703,43441.96875,43997.90234
2023-12-21,43648.125,44240.66797,43330.050781,43869.15234
2023-12-20,42261.30078,44275.58594,42223.81641,43652.25
2023-12-19,42641.51172,43354.29688,41826.33594,42270.52734
2023-12-18,41348.20312,42720.29688,40530.25781,42623.53906
2023-12-17,42236.10938,42359.49609,41274.54297,41364.66406
2023-12-16,41937.74219,42664.94531,41723.11328,42240.11719
2023-12-15,43028.25,43087.82422,41692.96875,41929.75781
2023-12-14,42884.26172,43390.85938,41767.089844,43023.97266
2023-12-13,41468.46484,43429.78125,40676.86719,42890.74219
2023-12-12,41238.73438,42048.30469,40667.5625,41450.22266
2023-12-11,43792.019531,43808.375,40234.57812,41243.83203
2023-12-10,43728.38281,44034.625,43593.28516,43779.69922
2023-12-09,44180.019531,44361.25781,43627.59766,43725.98438
2023-12-08,43293.13672,44705.51562,43125.29688,44166.60156
2023-12-07,43769.13281,44042.58984,42880.64844,43292.66406
2023-12-06,44080.023438,44265.76953,43478.082031,43746.44531
2023-12-05,41986.26562,44408.66406,41421.14844,44080.64844
2023-12-04,39978.62891,42371.75,39978.62891,41980.097656
2023-12-03,39472.20703,40135.60547,39298.16406,39978.39062
2023-12-02,38689.27734,39678.9375,38652.59375,39476.33203
2023-12-01,37718.0078125,38954.10938,37629.35938,38688.75
2023-11-30,37861.11719,38141.75391,37531.14062,37712.74609
2023-11-29,37826.10547,38366.11328,37612.63281,37858.49219
2023-11-28,37247.99219,38368.48047,36891.089844,37831.085938
2023-11-27,37454.19141,37559.35547,36750.12891,37254.16797
2023-11-26,37796.82812,37820.30078,37162.75,37479.12109
2023-11-25,37721.41406,37892.42969,37617.41797,37796.79297
2023-11-24,37296.31641,38415.33984,37261.60547,37720.28125
2023-11-23,37420.43359,37643.91797,36923.86328,37289.62109
2023-11-22,35756.55469,37856.98047,35670.97266,37432.33984
2023-11-21,37469.16016,37631.14062,35813.8125,35813.8125
2023-11-20,37374.074219,37756.82031,36882.53125,37476.95703
2023-11-19,36585.76562,37509.35547,36414.59766,37386.54688
2023-11-18,36625.37109,36839.28125,36233.3125,36585.70312
2023-11-17,36164.82422,36704.48438,35901.23438,36596.68359
2023-11-16,37879.98047,37934.625,35545.47266,36154.76953
2023-11-15,35548.11328,37964.89453,35383.78125,37880.58203
2023-11-14,36491.78906,36753.35156,34948.5,35537.64062
2023-11-13,37070.30469,37405.11719,36399.60547,36502.35547
2023-11-12,37133.99219,37227.69141,36779.11719,37054.51953
2023-11-11,37310.070312,37407.09375,36773.66797,37138.050781
2023-11-10,36702.25,37493.80078,36362.75391,37313.96875
2023-11-09,35633.63281,37926.25781,35592.10156,36693.125
2023-11-08,35419.47656,35994.41797,35147.80078,35655.27734
2023-11-07,35047.79297,35892.41797,34545.81641,35443.5625
2023-11-06,35044.78906,35286.027344,34765.36328,35037.37109
2023-11-05,35090.011719,35340.33984,34594.24219,35049.35547
2023-11-04,34736.32422,35256.03125,34616.69141,35082.19531
2023-11-03,34942.47266,34942.47266,34133.44141,34732.32422
2023-11-02,35441.57812,35919.84375,34401.57422,34938.24219
2023-11-01,34657.27344,35527.92969,34170.69141,35437.25391
2023-10-31,34500.078125,34719.25391,34083.30859,34667.78125
2023-10-30,34531.74219,34843.93359,34110.97266,34502.36328
2023-10-29,34089.37109,34743.26172,33947.56641,34538.48047
2023-10-28,33907.72266,34399.39062,33874.80469,34089.57422
2023-10-27,34156.5,34238.21094,33416.88672,33909.80078
2023-10-26,34504.28906,34832.91016,33762.32422,34156.64844
2023-10-25,33916.042969,35133.75781,33709.10938,34502.82031
2023-10-24,33077.30469,35150.43359,32880.76172,33901.52734
2023-10-23,30140.68555,34370.4375,30097.82812,33086.23438
2023-10-22,29918.6543,30199.43359,29720.3125,29993.89648
2023-10-21,29683.38086,30287.48242,29481.75195,29918.41211
2023-10-20,28732.8125,30104.085938,28601.66992,29682.94922
2023-10-19,28332.41602,28892.47461,28177.98828,28719.80664
2023-10-18,28413.53125,28889.0097656,28174.25195,28328.3418
2023-10-17,28522.097656,28618.75195,28110.18555,28415.74805
2023-10-16,27162.62891,29448.13867,27130.47266,28519.4668
2023-10-15,26858.011719,27289.16992,26817.89453,27159.65234
2023-10-14,26866.20312,26969.0,26814.58594,26861.70703
2023-10-13,26752.87891,27092.69727,26686.32227,26862.375
2023-10-12,26873.29297,26921.43945,26558.32031,26756.79883
2023-10-11,27392.076172,27474.11523,26561.099609,26873.32031
2023-10-10,27589.20117,27715.84766,27301.6543,27391.019531
2023-10-09,27934.47266,27989.4707,27302.5625,27583.67773
2023-10-08,27971.67773,28102.16992,27740.66211,27935.089844
2023-10-07,27946.78125,28028.091797,27870.42383,27968.83984
2023-10-06,27412.12305,28252.53711,27215.55273,27946.59766
2023-10-05,27798.64648,28091.86133,27375.60156,27415.91211
2023-10-04,27429.074219,27826.6582,27248.10547,27799.39453
2023-10-03,27508.25195,27667.19141,27216.0019531,27429.97852
2023-10-02,27976.79883,28494.45898,27347.78711,27530.78516
2023-10-01,26967.39648,28047.23828,26965.09375,27983.75
2023-09-30,26911.68945,27091.79492,26888.96875,26967.91602
2023-09-29,27024.8418,27225.9375,26721.76367,26911.7207
2023-09-28,26355.8125,27259.5,26327.32227,27021.54688
2023-09-27,26209.49805,26817.8418,26111.46484,26352.7168
2023-09-26,26294.75781,26389.88477,26090.71289,26217.25
2023-09-25,26253.77539,26421.50781,26011.46875,26298.48047
2023-09-24,26579.37305,26716.058594,26221.050781,26256.82617
2023-09-23,26578.55664,26634.18555,26520.51953,26579.39062
2023-09-22,26564.056641,26726.078125,26495.5332,26579.56836
2023-09-21,27129.83984,27152.93945,26389.30078,26567.63281
2023-09-20,27210.22852,27379.50586,26864.082031,27132.0078125
2023-09-19,26760.85156,27488.76367,26681.60547,27211.11719
2023-09-18,26532.99414,27414.73438,26415.51562,26754.28125
2023-09-17,26567.92773,26617.99805,26445.074219,26534.1875
2023-09-16,26606.19922,26754.76953,26473.89062,26568.28125
2023-09-15,26533.81836,26840.49805,26240.70117,26608.69336
2023-09-14,26228.27734,26774.62305,26171.45117,26539.67383
2023-09-13,25837.55469,26376.11328,25781.12305,26228.32422
2023-09-12,25160.6582,26451.93945,25133.078125,25833.34375
2023-09-11,25831.71484,25883.94727,24930.29688,25162.6543
2023-09-10,25895.21094,25978.13086,25640.26172,25832.22656
2023-09-09,25905.42578,25921.97656,25810.49414,25895.67773
2023-09-08,26245.20898,26414.0058594,25677.48047,25905.6543
2023-09-07,25748.3125,26409.30273,25608.20117,26240.19531
2023-09-06,25783.93164,25953.015625,25404.35938,25753.23633
2023-09-05,25814.95703,25858.375,25589.98828,25779.98242
2023-09-04,25968.16992,26081.52539,25657.025391,25812.41602
2023-09-03,25869.47266,26087.14844,25817.03125,25969.56641
2023-09-02,25800.91016,25970.28516,25753.09375,25868.79883
2023-09-01,25934.021484,26125.86914,25362.60938,25800.72461
2023-08-31,27301.92969,27456.078125,25752.92969,25931.47266
2023-08-30,27726.083984,27760.16016,27069.20703,27297.26562
2023-08-29,26102.48633,28089.33789,25912.62891,27727.39258
2023-08-28,26089.61523,26198.57812,25880.59961,26106.15039
2023-08-27,26008.24219,26165.37305,25965.097656,26089.69336
2023-08-26,26047.23438,26107.38477,25983.87891,26008.46289
2023-08-25,26163.67969,26248.10352,25786.8125,26047.66797
2023-08-24,26431.51953,26554.91016,25914.92578,26162.37305
2023-08-23,26040.47461,26786.89844,25804.99805,26431.64062
2023-08-22,26130.74805,26135.50781,25520.72852,26031.65625
2023-08-21,26188.69141,26220.20117,25846.087891,26124.14062
2023-08-20,26096.86133,26260.68164,26004.31445,26189.58398
2023-08-19,26047.83203,26249.44922,25802.4082,26096.20508
2023-08-18,26636.078125,26808.19531,25668.92188,26049.55664
2023-08-17,28699.80273,28745.94727,25409.11133,26664.55078
2023-08-16,29169.074219,29221.97656,28701.7793,28701.7793
2023-08-15,29408.048828,29439.12109,29088.85352,29170.34766
2023-08-14,29283.26367,29660.25391,29124.10547,29408.44336
2023-08-13,29416.59375,29441.43359,29265.80664,29282.91406
2023-08-12,29399.78711,29465.11328,29357.58789,29415.96484
2023-08-11,29424.90234,29517.77344,29253.51758,29397.71484
2023-08-10,29563.97266,29688.56445,29354.44727,29429.5918
2023-08-09,29766.69531,30093.43555,29376.80078,29561.49414
2023-08-08,29180.019531,30176.79688,29113.81445,29765.49219
2023-08-07,29038.51367,29244.28125,28724.14062,29180.57812
2023-08-06,29043.70117,29160.82227,28963.83398,29041.85547
2023-08-05,29075.38867,29102.46484,28957.79688,29042.12695
2023-08-04,29174.38281,29302.078125,28885.33594,29074.091797
2023-08-03,29161.8125,29375.70703,28959.48828,29178.67969
2023-08-02,29704.14648,29987.99805,28946.50977,29151.95898
2023-08-01,29230.87305,29675.73242,28657.023438,29675.73242
2023-07-31,29278.31445,29489.87305,29131.57812,29230.11133
2023-07-30,29357.09375,29443.16992,29059.50195,29275.30859
2023-07-29,29319.44531,29396.84375,29264.16602,29356.91797
2023-07-28,29212.16406,29521.51367,29125.8457,29319.24609
2023-07-27,29353.79883,29560.9668,29099.35156,29210.68945
2023-07-26,29225.75977,29675.55273,29113.91211,29354.97266
2023-07-25,29178.9707,29353.16016,29062.43359,29227.39062
2023-07-24,30081.66211,30093.39453,28934.29492,29176.91602
2023-07-23,29790.11133,30330.64062,29741.52734,30084.53906
2023-07-22,29908.69727,29991.61523,29664.12109,29771.80273
2023-07-21,29805.11133,30045.99805,29733.85156,29908.74414
2023-07-20,29915.25,30195.53125,29638.095703,29792.015625
2023-07-19,29862.046875,30184.18164,29794.26953,29913.92383
2023-07-18,30147.070312,30233.65625,29556.42773,29856.5625
2023-07-17,30249.62695,30336.40039,29685.7832,30145.88867
2023-07-16,30297.47266,30437.56055,30089.66992,30249.13281
2023-07-15,30331.7832,30407.78125,30263.46289,30295.80664
2023-07-14,31474.7207,31582.25391,29966.38672,30334.068359
2023-07-13,30387.48828,31814.51562,30268.35156,31476.048828
2023-07-12,30622.24609,30959.96484,30228.83594,30391.64648
2023-07-11,30417.63281,30788.31445,30358.097656,30620.95117
2023-07-10,30172.42383,31026.083984,29985.39453,30414.4707
2023-07-09,30291.61133,30427.58984,30085.5918,30171.23438
2023-07-08,30346.92188,30374.4375,30080.16016,30292.54102
2023-07-07,29907.99805,30434.64453,29777.28516,30342.26562
2023-07-06,30507.15039,31460.052734,29892.22656,29909.33789
2023-07-05,30778.72461,30877.33008,30225.61328,30514.16602
2023-07-04,31156.86523,31325.19727,30659.35547,30777.58203
2023-07-03,30624.51562,31375.61328,30586.51367,31156.43945
2023-07-02,30587.26953,30766.14062,30264.019531,30620.76953
2023-07-01,30471.84766,30641.28906,30328.86523,30590.078125
2023-06-30,30441.35352,31256.86328,29600.27539,30477.25195
2023-06-29,30086.1875,30796.25,30057.20312,30445.35156
2023-06-28,30696.56055,30703.2793,29921.82227,30086.24609
2023-06-27,30274.32031,31006.78711,30236.65039,30688.16406
2023-06-26,30480.52344,30636.029297,29955.74414,30271.13086
2023-06-25,30545.15039,31041.27148,30327.94336,30480.26172
2023-06-24,30708.73828,30804.14844,30290.14648,30548.69531
2023-06-23,29896.38281,31389.53906,29845.21484,30695.46875
2023-06-22,29995.93555,30495.99805,29679.1582,29912.28125
2023-06-21,28311.31055,30737.33008,28283.41016,30027.29688
2023-06-20,26841.66406,28388.96875,26668.79102,28327.48828
2023-06-19,26335.44141,26984.61133,26312.83203,26851.029297
2023-06-18,26510.45703,26675.92578,26325.89062,26336.21289
2023-06-17,26328.67969,26769.39453,26174.49219,26510.67578
2023-06-16,25575.2832,26463.17383,25245.35742,26327.46289
2023-06-15,25121.67383,25735.30859,24797.16797,25576.39453
2023-06-14,25920.25781,26041.80078,24902.15234,25124.67578
2023-06-13,25902.94141,26376.35156,25728.36523,25918.72852
2023-06-12,25934.28516,26087.91992,25675.19727,25902.5
2023-06-11,25854.03125,26203.43945,25668.98633,25940.16797
2023-06-10,26481.76172,26531.044922,25501.83594,25851.24023
2023-06-09,26505.92383,26770.28906,26339.31445,26480.375
2023-06-08,26347.6543,26797.51367,26246.66406,26508.2168
2023-06-07,27235.65039,27332.18164,26146.98828,26345.99805
2023-06-06,25732.10938,27313.82031,25434.86719,27238.7832
2023-06-05,27123.10938,27129.98242,25445.16797,25760.097656
2023-06-04,27075.12305,27407.019531,26968.22461,27119.066406
2023-06-03,27252.32422,27317.052734,26958.0039062,27075.12891
2023-06-02,26824.55664,27303.86133,26574.64453,27249.58984
2023-06-01,27218.41211,27346.10547,26671.7207,26819.97266
2023-05-31,27700.5293,27831.67773,26866.45312,27219.6582
2023-05-30,27745.12305,28044.75977,27588.50195,27702.34961
2023-05-29,28075.5918,28432.039062,27563.87695,27745.88477
2023-05-28,26871.1582,28193.44922,26802.75195,28085.64648
2023-05-27,26720.18164,26888.88281,26621.14062,26868.35352
2023-05-26,26474.18164,26916.66992,26343.94922,26719.29102
2023-05-25,26329.46094,26591.51953,25890.59375,26476.20703
2023-05-24,27224.60352,27224.60352,26106.57617,26334.81836
2023-05-23,26855.96094,27434.68359,26816.17969,27225.72656
2023-05-22,26749.89258,27045.73438,26549.73438,26851.27734
2023-05-21,27118.42383,27265.91797,26706.92188,26753.82617
2023-05-20,26888.8418,27155.1582,26843.27734,27129.58594
2023-05-19,26826.75391,27128.61914,26700.21094,26890.12891
2023-05-18,27401.65039,27466.52734,26415.10156,26832.20898
2023-05-17,27035.4707,27465.92773,26600.14453,27398.80273
2023-05-16,27171.51367,27299.30469,26878.94727,27036.65039
2023-05-15,26931.38477,27646.34766,26766.097656,27192.69336
2023-05-14,26788.97461,27150.97656,26661.35547,26930.63867
2023-05-13,26807.76953,27030.48242,26710.87305,26784.078125
2023-05-12,26987.66211,27055.64648,25878.42969,26804.99023
2023-05-11,27621.085938,27621.94141,26781.82617,27000.78906
2023-05-10,27654.63672,28322.6875,26883.66992,27621.75586
2023-05-09,27695.068359,27821.40039,27375.60156,27658.77539
2023-05-08,28450.45703,28663.27148,27310.13477,27694.27344
2023-05-07,28901.62305,29157.51758,28441.36719,28454.97852
2023-05-06,29538.85938,29820.12695,28468.9668,28904.62305
2023-05-05,28851.48047,29668.9082,28845.50977,29534.38477
2023-05-04,29031.30469,29353.18555,28694.039062,28847.71094
2023-05-03,28680.49414,29259.5332,28178.38867,29006.30859
2023-05-02,28087.17578,28881.29883,27924.12305,28680.53711
2023-05-01,29227.10352,29329.93555,27680.79297,28091.56836
2023-04-30,29245.51562,29952.029297,29114.021484,29268.80664
2023-04-29,29336.56641,29452.45508,29088.042969,29248.48828
2023-04-28,29481.013672,29572.79102,28929.60938,29340.26172
2023-04-27,28428.46484,29871.54688,28402.88672,29473.78711
2023-04-26,28300.058594,29995.83789,27324.54883,28422.70117
2023-04-25,27514.87305,28371.078125,27207.93164,28307.59766
2023-04-24,27591.73047,27979.98242,27070.84961,27525.33984
2023-04-23,27816.14453,27820.24414,27400.31445,27591.38477
2023-04-22,27265.89453,27872.14258,27169.57031,27817.5
2023-04-21,28249.23047,28349.96875,27177.36523,27276.91016
2023-04-20,28823.68359,29076.40039,28037.25781,28245.98828
2023-04-19,30394.1875,30411.054688,28669.89844,28822.67969
2023-04-18,29449.091797,30470.30273,29154.84961,30397.55273
2023-04-17,30317.14648,30319.19727,29275.37109,29445.044922
2023-04-16,30315.97656,30555.53711,30157.83203,30315.35547
2023-04-15,30490.75,30601.74023,30245.88281,30318.49609
2023-04-14,30409.5625,31005.60742,30044.49805,30485.69922
2023-04-13,29892.74023,30539.8457,29878.62305,30399.066406
2023-04-12,30231.58203,30462.48047,29725.57422,30139.052734
2023-04-11,29653.67969,30509.083984,29609.30078,30235.058594
2023-04-10,28336.027344,29771.46484,28189.27148,29652.98047
2023-04-09,27952.36719,28532.83008,27828.48047,28333.050781
2023-04-08,27920.51367,28159.86328,27883.38672,27947.79492
2023-04-07,28038.9668,28111.59375,27794.03125,27925.85938
2023-04-06,28175.22656,28178.38477,27738.75977,28044.14062
2023-04-05,28169.72656,28739.23828,27843.76367,28177.98438
2023-04-04,27795.27344,28433.74219,27681.30469,28168.089844
2023-04-03,28183.080078,28475.62305,27276.7207,27790.2207
2023-04-02,28462.8457,28518.95898,27884.087891,28199.30859
2023-04-01,28473.33203,28802.45703,28297.17188,28411.035156
2023-03-31,28032.26172,28639.89648,27583.71484,28478.48438
2023-03-30,28350.14062,29159.90234,27720.16016,28033.5625
2023-03-29,27267.03125,28619.54297,27259.66211,28348.44141
2023-03-28,27132.88867,27460.71875,26677.81836,27268.13086
2023-03-27,27994.068359,28037.92578,26606.68945,27139.88867
2023-03-26,27495.52344,28178.14453,27445.046875,27994.33008
2023-03-25,27487.33789,27791.82617,27196.23438,27494.70703
2023-03-24,28324.11133,28388.4375,27039.26562,27493.28516
2023-03-23,27301.95703,28729.84375,27183.36328,28333.97266
2023-03-22,28158.7207,28803.33594,26759.99609,27307.4375
2023-03-21,27768.39258,28439.5625,27439.64648,28175.81641
2023-03-20,28041.60156,28527.72461,27242.88086,27767.23633
2023-03-19,26969.50391,28440.56055,26907.7168,28038.67578
2023-03-18,27448.11719,27725.95312,26636.26172,26965.87891
2023-03-17,25055.12305,27787.8125,24955.16992,27423.92969
2023-03-16,24373.45703,25190.32617,24225.11133,25052.78906
2023-03-15,24770.92578,25240.61523,23964.91016,24375.96094
2023-03-14,24201.76562,26514.7168,24081.18359,24746.074219
2023-03-13,22156.40625,24550.83789,21918.19922,24197.5332
2023-03-12,20628.029297,22185.03125,20448.80664,22163.94922
2023-03-11,20187.87695,20792.52539,20068.66016,20632.41016
2023-03-10,20367.0019531,20370.5957,19628.25391,20187.24414
2023-03-09,21720.080078,21802.7168,20210.30664,20363.021484
2023-03-08,22216.44141,22268.89648,21708.050781,21718.080078
2023-03-07,22428.32227,22527.41797,22011.26172,22219.76953
2023-03-06,22436.81641,22584.29297,22331.31445,22429.75781
2023-03-05,22354.14453,22613.68555,22307.14258,22435.51367
2023-03-04,22362.92383,22405.17773,22198.98047,22353.34961
2023-03-03,23476.63281,23479.34766,22213.23828,22362.67969
2023-03-02,23647.019531,23739.13867,23245.021484,23475.4668
2023-03-01,23150.92969,23880.63281,23088.62695,23646.55078
2023-02-28,23521.83789,23585.38477,23077.65039,23147.35352
2023-02-27,23561.45117,23857.89062,23205.87891,23522.87109
2023-02-26,23174.15039,23654.36719,23084.2207,23561.21289
2023-02-25,23200.125,23210.21094,22861.55859,23175.375
2023-02-24,23946.0078125,24103.70508,23007.072266,23198.12695
2023-02-23,24190.71875,24572.089844,23693.91992,23947.49219
2023-02-22,24437.41797,24472.33984,23644.31836,24188.84375
2023-02-21,24833.048828,25126.85156,24200.36328,24436.35352
2023-02-20,24336.62305,25020.45898,23927.91016,24829.14844
2023-02-19,24640.027344,25093.054688,24327.64258,24327.64258
2023-02-18,24565.29688,24798.83594,24468.37305,24641.27734
2023-02-17,23621.2832,24924.041016,23460.75586,24565.60156
2023-02-16,24307.34961,25134.11719,23602.52344,23623.47461
2023-02-15,22220.58594,24307.8418,22082.76953,24307.8418
2023-02-14,21801.82227,22293.14062,21632.39453,22220.80469
2023-02-13,21787.0,21898.41406,21460.087891,21808.10156
2023-02-12,21870.90234,22060.99414,21682.82812,21788.20312
2023-02-11,21651.8418,21891.41016,21618.44922,21870.875
2023-02-10,21819.0058594,21941.18555,21539.39258,21651.18359
2023-02-09,22946.56641,22996.4375,21773.97461,21819.039062
2023-02-08,23263.41602,23367.95898,22731.097656,22939.39844
2023-02-07,22757.26758,23310.97461,22756.25781,23264.29102
2023-02-06,22954.021484,23119.2793,22692.025391,22760.10938
2023-02-05,23332.24805,23423.43555,22841.75977,22955.66602
2023-02-04,23446.32031,23556.94922,23291.79492,23331.84766
2023-02-03,23469.41211,23678.10352,23279.95508,23449.32227
2023-02-02,23720.82422,24167.21094,23468.5957,23471.87109
2023-02-01,23137.83594,23764.53906,22877.75,23723.76953
2023-01-31,22840.79688,23225.021484,22765.56836,23139.2832
2023-01-30,23774.64844,23789.34766,22657.58203,22840.13867
2023-01-29,23031.44922,23919.89062,22985.070312,23774.56641
2023-01-28,23079.96484,23165.89648,22908.8457,23031.089844
2023-01-27,23030.7168,23417.7207,22654.59375,23078.72852
2023-01-26,23108.95508,23237.078125,22911.37305,23032.77734
2023-01-25,22639.26758,23722.099609,22406.076172,23117.85938
2023-01-24,22929.62695,23134.011719,22549.74414,22636.46875
2023-01-23,22721.087891,23126.48633,22654.30469,22934.43164
2023-01-22,22777.98633,23056.73047,22387.90039,22720.41602
2023-01-21,22677.42773,23282.34766,22511.83398,22777.625
2023-01-20,21085.37305,22692.35742,20919.12695,22676.55273
2023-01-19,20686.74609,21163.011719,20685.38086,21086.79297
2023-01-18,21161.050781,21564.50195,20541.54492,20688.78125
2023-01-17,21175.83398,21438.66016,20978.5332,21161.51953
2023-01-16,20882.22461,21360.875,20715.74609,21169.63281
2023-01-15,20977.48438,20993.74805,20606.98633,20880.79883
2023-01-14,19910.53711,21075.14258,19907.82812,20976.29883
2023-01-13,18868.90625,19964.32227,18753.16406,19909.57422
2023-01-12,18117.59375,19030.087891,17995.20312,18869.58789
2023-01-11,17446.35938,17934.89648,17337.99414,17934.89648
2023-01-10,17192.94922,17484.7207,17162.99023,17446.29297
2023-01-09,17093.99219,17389.95703,17093.99219,17196.55469
2023-01-08,16954.14648,17091.14453,16924.050781,17091.14453
2023-01-07,16952.11719,16975.017578,16914.19141,16955.078125
2023-01-06,16836.47266,16991.99414,16716.42188,16951.96875
2023-01-05,16863.47266,16884.021484,16790.2832,16836.73633
2023-01-04,16680.20508,16964.58594,16667.76367,16863.23828
2023-01-03,16688.84766,16760.44727,16622.37109,16679.85742
2023-01-02,16625.50977,16759.34375,16572.22852,16688.4707
2023-01-01,16547.91406,16630.43945,16521.23438,16625.080078
